{
   "customGroups": [
      {
         "resourceKind": "Service Level Objective",
         "membershipDefinition": {"ruleGroups": [{
            "resourceKind": "HostSystem",
            "adapterKind": "VMWARE",
            "rules": [{
               "ruleRelationshipType": "CHILD",
               "ruleType": "RelationshipRule",
               "ruleStringOperator": "EQUALS",
               "ruleStringValue": "nestedcluster02"
            }]
         }]},
         "adapterKind": "Container",
         "autoResolveMembership": false,
         "name": "Host Group 2",
         "description": "",
         "started": true
      },
      {
         "resourceKind": "Service Level Objective",
         "membershipDefinition": {"ruleGroups": [{
            "resourceKind": "HostSystem",
            "adapterKind": "VMWARE",
            "rules": [{
               "ruleRelationshipType": "CHILD",
               "ruleType": "RelationshipRule",
               "ruleStringOperator": "EQUALS",
               "ruleStringValue": "nestedcluster01"
            }]
         }]},
         "adapterKind": "Container",
         "autoResolveMembership": false,
         "name": "Host Group 1",
         "description": "",
         "started": true
      },
      {
         "resourceKind": "Service Level Objective",
         "membershipDefinition": {"ruleGroups": [{
            "resourceKind": "HostSystem",
            "adapterKind": "VMWARE",
            "rules": [{
               "ruleRelationshipType": "CHILD",
               "ruleType": "RelationshipRule",
               "ruleStringOperator": "EQUALS",
               "ruleStringValue": "nuccluster"
            }]
         }]},
         "adapterKind": "Container",
         "autoResolveMembership": false,
         "name": "Host Group 3",
         "description": "",
         "started": true
      }
   ],
   "customGroupTypes": [{
      "resourceKind": "Service Level Objective",
      "localization": [
         {
            "resourceKindName": "Service-Level-Ziel",
            "locale": "de"
         },
         {
            "resourceKindName": "服務層級目標",
            "locale": "zh_TW"
         },
         {
            "resourceKindName": "서비스 수준 목표",
            "locale": "ko"
         },
         {
            "resourceKindName": "サービス レベルの目標",
            "locale": "ja"
         },
         {
            "resourceKindName": "Service Level Objective",
            "locale": "en"
         },
         {
            "resourceKindName": "服务级别目标",
            "locale": "zh_CN"
         },
         {
            "resourceKindName": "Objectif de niveau de service",
            "locale": "fr"
         },
         {
            "resourceKindName": "Objetivo de nivel de servicio",
            "locale": "es"
         }
      ]
   }]
}